year,cpi,unemploy,gdp,oilprice,population1,population2,Cement,housing,gasppi,workers,lime,silica,limestone,householdnum,urbanpop,oilconsump
1968,4.27179615288534,3.558333333333333,4795.387,3.07,200745.33333333334,NA,67767,1319.8,7.6,40912,16907,24471,75978,NA,72.974,38.100695
1969,5.4623862002875,3.4916666666666667,4945.23525,3.295,202735.83333333334,1990.5,69852,1399,7.725,43633,18333,26327,76387,1401,73.333,39.58286
1970,5.83825533848253,4.9833333333333325,4954.435750000001,3.3508333333333336,205088.83333333334,2353,65567,1418.4,7.916666666666665,43823,17914,26440,75505,1187,73.602,40.813953000000005
1971,4.29276668813045,5.95,5117.603,3.56,207691.75,2602.916666666657,70018,1706.1,8.433333333333334,45223,17773,23733,77888,1377,73.613,41.702086
1972,3.27227824655283,5.6,5386.733,3.56,209924.08333333334,2232.333333333343,71651,2003.9,9.041666666666666,47477,18407,26789,77040,1898,73.623,44.435703
1973,6.17776006377041,4.8583333333333325,5690.85275,3.8725,211938.66666666666,2014.583333333314,80526,2100.5,9.8,50005,19133,26285,78652,1575,73.633,46.57292
1974,11.0548048048048,5.641666666666667,5660.09075,10.372499999999999,213898.25,1959.583333333343,69533,1728.5,11.566666666666666,49135,19601,26372,79530,1608,73.643,44.302355000000006
1975,9.14314686496534,8.475,5648.46175,11.16,215981,2082.75,59711,1317.2,16.083333333333332,43283,17356,24751,69322,1261,73.653,42.834492
1976,5.74481263549085,7.7,5952.809,12.645,218086.25,2105.25,63147,1377.2,21.80833333333333,43929,18279,27138,73792,1747,73.663,45.621010000000005
1977,6.50168399472839,7.05,6228.076499999999,14.295833333333334,220289.08333333334,2202.833333333343,68615,1657.1,30.79166666666666,47268,18096,28449,73908,1275,73.673,47.677574
1978,7.63096383885602,6.066666666666666,6572.819,14.85,222628.91666666666,2339.833333333314,72415,1867.5,36.49166666666666,51851,18546,29801,71170,1888,73.682,48.197836
1979,11.2544711292795,5.85,6780.92375,22.40416666666667,225106.16666666666,2477.25,71341,1870.8,47.658333333333324,54746,19001,30400,73578,1300,73.692,46.52857
1980,13.5492019749684,7.175,6763.51375,37.375,227725.83333333334,2619.666666666686,65366,1501.6,63.275,53444,17246,27651,71023,3446,73.738,42.36565
1981,10.3347153402771,7.616666666666665,6935.153249999999,36.666666666666664,230008.5,2282.666666666657,63440,1265.7,82.08333333333333,51650,17106,27197,66248,1592,73.89,39.05428
1982,6.13142700027494,9.70833333333333,6810.12,33.63583333333333,232218.33333333334,2209.833333333343,55403,1005.5,99.99166666666665,48288,12769,24857,64689,1159,74.042,36.62491000000001
1983,3.21243523316063,9.6,7122.290499999999,30.395,234332.66666666666,2114.333333333314,61226,1390.3,106.575,48777,13487,24149,66293,391,74.194,36.075684
1984,4.30053547523427,7.508333333333333,7637.704,29.2755,236394.25,2061.583333333343,67507,1652.2,106.08333333333331,54010,14444,26653,71200,1489,74.344,36.832297
1985,3.54564415209369,7.191666666666666,7956.1695,27.97275,238506.08333333334,2111.833333333343,67742,1703.3,102.85,57508,14234,26698,70422,1382,74.494,36.319695
1986,1.89804772234275,7,8231.6635,15.040000000000001,240682.25,2176.166666666657,68236,1756.4,89.575,59236,13131,24875,71663,1669,74.644,37.705715
1987,3.66456321751691,6.175,8516.41825,19.161916666666666,242842.58333333334,2160.333333333343,67637,1668.8,79.5,61067,14273,25410,73612,1021,74.793,38.11562000000001
1988,4.07774110744408,5.491666666666666,8872.154250000001,15.959583333333333,245061.16666666666,2218.583333333314,66471,1529.8,77.35,62793,15688,25837,72137,1587,74.942,39.29576
1989,4.82700303008949,5.258333333333333,9197.997500000001,19.590833333333332,247387.58333333334,2326.416666666686,67036,1422.8,82.025,63709,15559,26494,74200,1764,75.089,38.854344
1990,5.39795643990322,5.616666666666666,9371.468,24.492916666666666,250180.91666666666,2793.333333333314,67043,1308,80.35833333333332,63190,15832,25769,78107,517,75.3,37.51521
1991,4.23496396453853,6.85,9361.322,21.48125,253530.16666666666,3349.25,63003,1090.8,79.08333333333333,57404,15667,23224,71213,965,75.701,36.20807
1992,3.0288196781497,7.491666666666665,9691.06875,20.561416666666666,256921.66666666666,3391.5,60637,1157.5,80.63333333333333,55263,16199,25915,70897,1357,76.097,36.43529
1993,2.95165696638554,6.908333333333333,9957.746249999998,18.458166666666667,260281.58333333334,3359.916666666686,64270,1192.7,84.75,57349,16932,26220,78958,757,76.488,36.231754
1994,2.6074415921546,6.1,10358.92325,17.185833333333335,263454.6666666667,3173.083333333343,75216,1346.9,78.84166666666665,61133,17410,27300,78427,681,76.875,36.67829
1995,2.80541968853655,5.591666666666667,10636.978750000002,18.427500000000002,266587.75,3133.083333333314,73540,1312.6,66.58333333333333,63317,18580,28200,80142,1883,77.257,36.12703
1996,2.9312041999344,5.408333333333333,11038.266,22.154166666666665,269714.6666666667,3126.916666666686,76951,1412.9,91.175,66461,19230,27800,80016,637,77.636,36.980363
1997,2.33768993730741,4.941666666666666,11529.157,20.599166666666665,272958.1666666667,3243.5,80589,1400.5,101.66666666666664,69755,19700,28500,83770,1391,78.008,37.004176
1998,1.55227909874362,4.5,12045.824,14.388333333333334,276154.25,3196.083333333314,83092,1474.2,83.89166666666665,73768,20090,28244,87784,1510,78.377,37.163926
1999,2.18802719697358,4.216666666666667,12623.361,19.251666666666665,279327.5833333333,3173.333333333314,84383,1604.9,91.225,78537,19710,29111,92159,1346,78.742,37.742793
2000,3.37685727149935,3.9666666666666663,13138.03525,30.298333333333332,282398.4166666667,3070.833333333372,86273,1573.7,155.49166666666665,81455,19520,28647,95210,831,79.057,37.727297
2001,2.82617111885402,4.741666666666666,13263.417,25.924166666666665,285225.1666666667,2826.75,88193,1570.8,171.825,81918,18840,28072,97200,3504,79.234,37.260760000000005
2002,1.58603162650603,5.783333333333333,13488.357,26.0975,287954.5833333333,2729.416666666628,86912,1648.4,122.51666666666665,80584,17840,27550,108330,1088,79.409,36.907938
2003,2.27009497336113,5.991666666666666,13865.51925,31.14,290626.25,2671.666666666686,91149,1678.7,214.475,80828,19160,27940,110530,1981,79.583,37.11205
2004,2.67723669309173,5.541666666666666,14399.696,41.43833333333333,293262.3333333333,2636.083333333314,94843,1841.9,245.9,83678,19920,30190,114810,722,79.757,38.094733999999995
2005,3.39274684549547,5.083333333333333,14901.269,56.465833333333336,295992.9166666667,2730.583333333372,96249,1931.4,335.3583333333333,88001,20090,31311,116230,1343,79.928,37.77785
2006,3.22594410070407,4.6083333333333325,15315.94325,66.10333333333334,298817.6666666667,2824.75,93491,1979.4,280.3583333333333,92275,21020,29755,116380,1041,80.099,36.93343
2007,2.85267248150136,4.616666666666666,15623.8715,72.3625,301696.1666666667,2878.5,92058,1502.8,273.7833333333333,91528,20230,30611,114150,1627,80.269,36.3402
2008,3.83910029665101,5.8,15642.962,99.5675,304543.0833333333,2846.916666666628,84512,1119.7,343.975,85948,19870,30755,102920,772,80.438,33.60767
2009,-0.35554626629975,9.283333333333331,15236.26225,61.693333333333335,307240.0833333333,2697,64103,794.4,159.9833333333333,72208,15760,27595,75110,398,80.606,31.561959
2010,1.64004344238989,9.60833333333333,15648.991,79.4275,309838.8333333333,2598.75,64358,651.7,185.8416666666666,66220,18280,32432,80050,357,80.772,31.785902
2011,3.15684156862206,8.933333333333334,15891.534,95.07666666666667,312295.25,2456.416666666686,66613,584.9,171.4333333333333,66359,19130,44116,81500,2389,80.944,30.886521
2012,2.06933726526059,8.075,16253.97,94.20083333333334,314725.4166666667,2430.166666666686,72528,649.2,117.925,67746,18840,50906,88520,1157,81.119,29.91488
2013,1.46483265562714,7.3583333333333325,16553.3475,97.93583333333333,317099,2373.583333333314,75625,764.4,153.8833333333333,70285,19190,62261,92460,1375,81.299,30.144963
2014,1.62222297740821,6.158333333333333,16932.05175,93.25833333333334,319600.4166666667,2501.416666666686,80995,883.8,182.4,73810,19500,110245,99650,770,81.483,30.100135
2015,0.118627135552435,5.275,17390.29525,48.68833333333333,322112.6666666667,2512.25,81927,968.2,105.38333333333331,77520,18280,102289,100170,1358,81.671,30.46975
2016,1.26158320570537,4.875,17680.27375,43.14416666666666,324609.3333333333,2496.666666666628,82655,1059.7,96.2333333333333,80720,17330,79981,102170,1232,81.862,30.443965
2017,2.13011000365963,4.3583333333333325,18076.6515,50.884166666666665,326859.6666666667,2250.333333333372,84257,1152.9,118.675,83605,17600,104366,104070,405,82.058,30.497400000000003
2018,2.44258329692818,3.8916666666666666,18609.07825,64.93833333333333,328794.5,1934.833333333314,85290,1184.9,112.125,87460,18120,126392,103860,1362,82.256,31.010205000000003
2019,1.81221007526015,3.6833333333333327,19036.05225,56.98416666666667,330512.5833333333,1718.083333333314,87298,1255.1,85.51666666666665,89933,16880,108389,105750,993,82.459,30.760773
2020,1.23358439630637,8.091666666666665,18509.14275,39.2275,331787.4166666667,1274.8333333333721,88782,1286.9,67.49166666666666,87091,15870,76217,110280,-128,82.664,26.886775000000004
2021,4.69785886363739,5.366666666666666,19609.81175,67.9875,332351.1666666667,563.75,90811,1341,149.958,89235,16820,74600,112960,1480,82.873,29.268451
